CustomerID,churn_prob,risk_level,operational_advice
17785.0,0.82798547,high,发送召回优惠券，重点推送激励内容
14317.0,0.8842389,high,发送召回优惠券，重点推送激励内容
15977.0,0.7591027,high,发送召回优惠券，重点推送激励内容
12364.0,0.62305266,medium,推送定制化Push消息、活动提醒
14565.0,0.55930614,medium,推送定制化Push消息、活动提醒
13520.0,0.39533666,low,保持日常内容推送，重点维护高价值用户
12515.0,0.8590672,high,发送召回优惠券，重点推送激励内容
15528.0,0.86222076,high,发送召回优惠券，重点推送激励内容
15070.0,0.94810486,high,发送召回优惠券，重点推送激励内容
16623.0,0.9823663,high,发送召回优惠券，重点推送激励内容
17306.0,0.1190943,low,保持日常内容推送，重点维护高价值用户
17338.0,0.19162084,low,保持日常内容推送，重点维护高价值用户
13771.0,0.588239,medium,推送定制化Push消息、活动提醒
18033.0,0.754121,high,发送召回优惠券，重点推送激励内容
14543.0,0.06969617,low,保持日常内容推送，重点维护高价值用户
13494.0,0.8565482,high,发送召回优惠券，重点推送激励内容
17374.0,0.58028364,medium,推送定制化Push消息、活动提醒
16343.0,0.7892427,high,发送召回优惠券，重点推送激励内容
12818.0,0.88994527,high,发送召回优惠券，重点推送激励内容
17566.0,0.69313234,medium,推送定制化Push消息、活动提醒
17706.0,0.04929727,low,保持日常内容推送，重点维护高价值用户
13332.0,0.8565482,high,发送召回优惠券，重点推送激励内容
16689.0,0.60401464,medium,推送定制化Push消息、活动提醒
17189.0,0.6473103,medium,推送定制化Push消息、活动提醒
15244.0,0.63202065,medium,推送定制化Push消息、活动提醒
14849.0,0.010318063,low,保持日常内容推送，重点维护高价值用户
12480.0,0.58396363,medium,推送定制化Push消息、活动提醒
16571.0,0.5450065,medium,推送定制化Push消息、活动提醒
12721.0,0.2905603,low,保持日常内容推送，重点维护高价值用户
14332.0,0.60177577,medium,推送定制化Push消息、活动提醒
15976.0,0.65050066,medium,推送定制化Push消息、活动提醒
14345.0,0.84700537,high,发送召回优惠券，重点推送激励内容
15596.0,0.42568636,medium,推送定制化Push消息、活动提醒
18068.0,0.8977333,high,发送召回优惠券，重点推送激励内容
13458.0,0.09059323,low,保持日常内容推送，重点维护高价值用户
14461.0,0.57821715,medium,推送定制化Push消息、活动提醒
15158.0,0.89569134,high,发送召回优惠券，重点推送激励内容
15199.0,0.6883086,medium,推送定制化Push消息、活动提醒
15087.0,0.79239595,high,发送召回优惠券，重点推送激励内容
12704.0,0.37541285,low,保持日常内容推送，重点维护高价值用户
12955.0,0.16674542,low,保持日常内容推送，重点维护高价值用户
16893.0,0.84900737,high,发送召回优惠券，重点推送激励内容
17109.0,0.5432434,medium,推送定制化Push消息、活动提醒
14057.0,0.15444241,low,保持日常内容推送，重点维护高价值用户
14016.0,0.38138053,low,保持日常内容推送，重点维护高价值用户
17253.0,0.70461416,high,发送召回优惠券，重点推送激励内容
15053.0,0.6835195,medium,推送定制化Push消息、活动提醒
15653.0,0.730173,high,发送召回优惠券，重点推送激励内容
14102.0,0.31553733,low,保持日常内容推送，重点维护高价值用户
16150.0,0.42419633,medium,推送定制化Push消息、活动提醒
15380.0,0.47981897,medium,推送定制化Push消息、活动提醒
16950.0,0.6802772,medium,推送定制化Push消息、活动提醒
13171.0,0.6407135,medium,推送定制化Push消息、活动提醒
14959.0,0.4211287,medium,推送定制化Push消息、活动提醒
13509.0,0.18400417,low,保持日常内容推送，重点维护高价值用户
15318.0,0.73503625,high,发送召回优惠券，重点推送激励内容
17282.0,0.41816336,medium,推送定制化Push消息、活动提醒
14364.0,0.18973328,low,保持日常内容推送，重点维护高价值用户
12526.0,0.6715483,medium,推送定制化Push消息、活动提醒
16358.0,0.47239324,medium,推送定制化Push消息、活动提醒
14537.0,0.8991998,high,发送召回优惠券，重点推送激励内容
14099.0,0.07212981,low,保持日常内容推送，重点维护高价值用户
13651.0,0.84493876,high,发送召回优惠券，重点推送激励内容
16898.0,0.52989155,medium,推送定制化Push消息、活动提醒
17062.0,0.52910215,medium,推送定制化Push消息、活动提醒
16499.0,0.7404191,high,发送召回优惠券，重点推送激励内容
16102.0,0.61677855,medium,推送定制化Push消息、活动提醒
14525.0,0.28861347,low,保持日常内容推送，重点维护高价值用户
18085.0,0.6839282,medium,推送定制化Push消息、活动提醒
17667.0,0.40252456,medium,推送定制化Push消息、活动提醒
15467.0,0.6054109,medium,推送定制化Push消息、活动提醒
12683.0,0.090548955,low,保持日常内容推送，重点维护高价值用户
12566.0,0.6758393,medium,推送定制化Push消息、活动提醒
17574.0,0.9207249,high,发送召回优惠券，重点推送激励内容
13429.0,0.552952,medium,推送定制化Push消息、活动提醒
18159.0,0.87798727,high,发送召回优惠券，重点推送激励内容
12432.0,0.51403326,medium,推送定制化Push消息、活动提醒
16103.0,0.39054236,low,保持日常内容推送，重点维护高价值用户
14355.0,0.8552503,high,发送召回优惠券，重点推送激励内容
16715.0,0.73503625,high,发送召回优惠券，重点推送激励内容
17517.0,0.8909748,high,发送召回优惠券，重点推送激励内容
16475.0,0.5234094,medium,推送定制化Push消息、活动提醒
14001.0,0.5328756,medium,推送定制化Push消息、活动提醒
12725.0,0.8476936,high,发送召回优惠券，重点推送激励内容
12532.0,0.87672955,high,发送召回优惠券，重点推送激励内容
15971.0,0.30049267,low,保持日常内容推送，重点维护高价值用户
16101.0,0.902755,high,发送召回优惠券，重点推送激励内容
15907.0,0.59778786,medium,推送定制化Push消息、活动提醒
16768.0,0.79407513,high,发送召回优惠券，重点推送激励内容
15116.0,0.56015813,medium,推送定制化Push消息、活动提醒
13531.0,0.69312954,medium,推送定制化Push消息、活动提醒
17900.0,0.85399324,high,发送召回优惠券，重点推送激励内容
15351.0,0.4035009,medium,推送定制化Push消息、活动提醒
13320.0,0.45021367,medium,推送定制化Push消息、活动提醒
12919.0,0.32950497,low,保持日常内容推送，重点维护高价值用户
12875.0,0.7494665,high,发送召回优惠券，重点推送激励内容
17658.0,0.68001646,medium,推送定制化Push消息、活动提醒
15004.0,0.91374373,high,发送召回优惠券，重点推送激励内容
17459.0,0.59445864,medium,推送定制化Push消息、活动提醒
17768.0,0.613332,medium,推送定制化Push消息、活动提醒
12712.0,0.047756005,low,保持日常内容推送，重点维护高价值用户
14855.0,0.7126281,high,发送召回优惠券，重点推送激励内容
14600.0,0.94101524,high,发送召回优惠券，重点推送激励内容
17863.0,0.46268404,medium,推送定制化Push消息、活动提醒
12890.0,0.8460775,high,发送召回优惠券，重点推送激励内容
16698.0,0.70257473,high,发送召回优惠券，重点推送激励内容
15329.0,0.59119254,medium,推送定制化Push消息、活动提醒
15146.0,0.8069299,high,发送召回优惠券，重点推送激励内容
17193.0,0.22620927,low,保持日常内容推送，重点维护高价值用户
14082.0,0.83186674,high,发送召回优惠券，重点推送激励内容
12544.0,0.8017863,high,发送召回优惠券，重点推送激励内容
13562.0,0.63153386,medium,推送定制化Push消息、活动提醒
13726.0,0.7941803,high,发送召回优惠券，重点推送激励内容
15402.0,0.79378206,high,发送召回优惠券，重点推送激励内容
17585.0,0.6981313,medium,推送定制化Push消息、活动提醒
13858.0,0.88435906,high,发送召回优惠券，重点推送激励内容
15584.0,0.5249373,medium,推送定制化Push消息、活动提醒
18055.0,0.19490384,low,保持日常内容推送，重点维护高价值用户
14256.0,0.69001514,medium,推送定制化Push消息、活动提醒
13352.0,0.8059324,high,发送召回优惠券，重点推送激励内容
16652.0,0.2591959,low,保持日常内容推送，重点维护高价值用户
17345.0,0.47424582,medium,推送定制化Push消息、活动提醒
13014.0,0.3191645,low,保持日常内容推送，重点维护高价值用户
14215.0,0.26139176,low,保持日常内容推送，重点维护高价值用户
13772.0,0.62264377,medium,推送定制化Push消息、活动提醒
12937.0,0.6613378,medium,推送定制化Push消息、活动提醒
14173.0,0.51804525,medium,推送定制化Push消息、活动提醒
12701.0,0.6288159,medium,推送定制化Push消息、活动提醒
13516.0,0.50723255,medium,推送定制化Push消息、活动提醒
14576.0,0.87664694,high,发送召回优惠券，重点推送激励内容
13140.0,0.63759464,medium,推送定制化Push消息、活动提醒
14403.0,0.39649865,low,保持日常内容推送，重点维护高价值用户
12902.0,0.84147334,high,发送召回优惠券，重点推送激励内容
14321.0,0.50668085,medium,推送定制化Push消息、活动提醒
14857.0,0.68634164,medium,推送定制化Push消息、活动提醒
12463.0,0.51831186,medium,推送定制化Push消息、活动提醒
16215.0,0.88074297,high,发送召回优惠券，重点推送激励内容
16952.0,0.67295116,medium,推送定制化Push消息、活动提醒
15712.0,0.5268465,medium,推送定制化Push消息、活动提醒
13263.0,0.020196911,low,保持日常内容推送，重点维护高价值用户
13136.0,0.35921365,low,保持日常内容推送，重点维护高价值用户
17715.0,0.78248405,high,发送召回优惠券，重点推送激励内容
18204.0,0.5674781,medium,推送定制化Push消息、活动提醒
16470.0,0.39499706,low,保持日常内容推送，重点维护高价值用户
13062.0,0.84722227,high,发送召回优惠券，重点推送激励内容
12535.0,0.8493151,high,发送召回优惠券，重点推送激励内容
13529.0,0.778989,high,发送召回优惠券，重点推送激励内容
16332.0,0.2868384,low,保持日常内容推送，重点维护高价值用户
17940.0,0.2568755,low,保持日常内容推送，重点维护高价值用户
14414.0,0.29956573,low,保持日常内容推送，重点维护高价值用户
13742.0,0.18767795,low,保持日常内容推送，重点维护高价值用户
17742.0,0.65339124,medium,推送定制化Push消息、活动提醒
17254.0,0.6213663,medium,推送定制化Push消息、活动提醒
17611.0,0.09142182,low,保持日常内容推送，重点维护高价值用户
16618.0,0.35921365,low,保持日常内容推送，重点维护高价值用户
17775.0,0.86645675,high,发送召回优惠券，重点推送激励内容
17557.0,0.5548842,medium,推送定制化Push消息、活动提醒
16743.0,0.2703867,low,保持日常内容推送，重点维护高价值用户
16647.0,0.6459748,medium,推送定制化Push消息、活动提醒
15300.0,0.9138428,high,发送召回优惠券，重点推送激励内容
16463.0,0.57510555,medium,推送定制化Push消息、活动提醒
15571.0,0.58378315,medium,推送定制化Push消息、活动提醒
17180.0,0.50199646,medium,推送定制化Push消息、活动提醒
18255.0,0.94506186,high,发送召回优惠券，重点推送激励内容
12724.0,0.5234119,medium,推送定制化Push消息、活动提醒
16719.0,0.25718874,low,保持日常内容推送，重点维护高价值用户
17495.0,0.66486275,medium,推送定制化Push消息、活动提醒
13005.0,0.7292957,high,发送召回优惠券，重点推送激励内容
17364.0,0.09245598,low,保持日常内容推送，重点维护高价值用户
18225.0,0.10037279,low,保持日常内容推送，重点维护高价值用户
17625.0,0.5279529,medium,推送定制化Push消息、活动提醒
16012.0,0.6000787,medium,推送定制化Push消息、活动提醒
12497.0,0.78649145,high,发送召回优惠券，重点推送激励内容
13763.0,0.90846837,high,发送召回优惠券，重点推送激励内容
14692.0,0.67043316,medium,推送定制化Push消息、活动提醒
15695.0,0.611687,medium,推送定制化Push消息、活动提醒
14479.0,0.70070493,high,发送召回优惠券，重点推送激励内容
17498.0,0.8245662,high,发送召回优惠券，重点推送激励内容
17767.0,0.86661154,high,发送召回优惠券，重点推送激励内容
14422.0,0.42466792,medium,推送定制化Push消息、活动提醒
14247.0,0.61760694,medium,推送定制化Push消息、活动提醒
18045.0,0.7372414,high,发送召回优惠券，重点推送激励内容
15676.0,0.63303417,medium,推送定制化Push消息、活动提醒
16149.0,0.74857336,high,发送召回优惠券，重点推送激励内容
15975.0,0.8686428,high,发送召回优惠券，重点推送激励内容
14285.0,0.5602994,medium,推送定制化Push消息、活动提醒
13780.0,0.55456847,medium,推送定制化Push消息、活动提醒
12995.0,0.8375001,high,发送召回优惠券，重点推送激励内容
15373.0,0.25557232,low,保持日常内容推送，重点维护高价值用户
13566.0,0.72403544,high,发送召回优惠券，重点推送激励内容
16856.0,0.87664694,high,发送召回优惠券，重点推送激励内容
15776.0,0.84571755,high,发送召回优惠券，重点推送激励内容
13931.0,0.6563764,medium,推送定制化Push消息、活动提醒
15725.0,0.8173441,high,发送召回优惠券，重点推送激励内容
13194.0,0.78228897,high,发送召回优惠券，重点推送激励内容
17051.0,0.83577937,high,发送召回优惠券，重点推送激励内容
17359.0,0.67994976,medium,推送定制化Push消息、活动提醒
14866.0,0.16052301,low,保持日常内容推送，重点维护高价值用户
13304.0,0.718456,high,发送召回优惠券，重点推送激励内容
14450.0,0.6337518,medium,推送定制化Push消息、活动提醒
13728.0,0.46772027,medium,推送定制化Push消息、活动提醒
15861.0,0.3143608,low,保持日常内容推送，重点维护高价值用户
18212.0,0.88592356,high,发送召回优惠券，重点推送激励内容
18013.0,0.5850776,medium,推送定制化Push消息、活动提醒
17248.0,0.7836391,high,发送召回优惠券，重点推送激励内容
14504.0,0.5122978,medium,推送定制化Push消息、活动提醒
15537.0,0.91369754,high,发送召回优惠券，重点推送激励内容
12410.0,0.8493151,high,发送召回优惠券，重点推送激励内容
17926.0,0.60401464,medium,推送定制化Push消息、活动提醒
12951.0,0.32548782,low,保持日常内容推送，重点维护高价值用户
15308.0,0.8526568,high,发送召回优惠券，重点推送激励内容
18260.0,0.42538714,medium,推送定制化Push消息、活动提醒
13754.0,0.5493396,medium,推送定制化Push消息、活动提醒
15625.0,0.55054593,medium,推送定制化Push消息、活动提醒
16372.0,0.777758,high,发送召回优惠券，重点推送激励内容
14597.0,0.67679924,medium,推送定制化Push消息、活动提醒
16624.0,0.6103321,medium,推送定制化Push消息、活动提醒
14578.0,0.76441413,high,发送召回优惠券，重点推送激励内容
13134.0,0.5279529,medium,推送定制化Push消息、活动提醒
14297.0,0.6475372,medium,推送定制化Push消息、活动提醒
12534.0,0.9170589,high,发送召回优惠券，重点推送激励内容
15105.0,0.27681893,low,保持日常内容推送，重点维护高价值用户
15363.0,0.9062678,high,发送召回优惠券，重点推送激励内容
13938.0,0.9279939,high,发送召回优惠券，重点推送激励内容
12556.0,0.65906984,medium,推送定制化Push消息、活动提醒
18109.0,0.016508555,low,保持日常内容推送，重点维护高价值用户
16816.0,0.7087183,high,发送召回优惠券，重点推送激励内容
18014.0,0.9410411,high,发送召回优惠券，重点推送激励内容
14716.0,0.706214,high,发送召回优惠券，重点推送激励内容
16748.0,0.4103842,medium,推送定制化Push消息、活动提醒
18074.0,0.90244704,high,发送召回优惠券，重点推送激励内容
15644.0,0.44804382,medium,推送定制化Push消息、活动提醒
13500.0,0.60234916,medium,推送定制化Push消息、活动提醒
17841.0,0.036522616,low,保持日常内容推送，重点维护高价值用户
16849.0,0.9302342,high,发送召回优惠券，重点推送激励内容
14766.0,0.28490433,low,保持日常内容推送，重点维护高价值用户
13232.0,0.32241395,low,保持日常内容推送，重点维护高价值用户
13949.0,0.33478904,low,保持日常内容推送，重点维护高价值用户
16392.0,0.84221464,high,发送召回优惠券，重点推送激励内容
14408.0,0.33594617,low,保持日常内容推送，重点维护高价值用户
13983.0,0.101829894,low,保持日常内容推送，重点维护高价值用户
12536.0,0.29599917,low,保持日常内容推送，重点维护高价值用户
15205.0,0.6667904,medium,推送定制化Push消息、活动提醒
12572.0,0.69001514,medium,推送定制化Push消息、活动提醒
17718.0,0.88191855,high,发送召回优惠券，重点推送激励内容
14513.0,0.54248345,medium,推送定制化Push消息、活动提醒
18242.0,0.49571252,medium,推送定制化Push消息、活动提醒
14032.0,0.08003993,low,保持日常内容推送，重点维护高价值用户
14022.0,0.83856577,high,发送召回优惠券，重点推送激励内容
17454.0,0.56932855,medium,推送定制化Push消息、活动提醒
17727.0,0.9052992,high,发送召回优惠券，重点推送激励内容
12942.0,0.87136084,high,发送召回优惠券，重点推送激励内容
12355.0,0.8659105,high,发送召回优惠券，重点推送激励内容
15628.0,0.44042215,medium,推送定制化Push消息、活动提醒
13166.0,0.8173441,high,发送召回优惠券，重点推送激励内容
13117.0,0.1421178,low,保持日常内容推送，重点维护高价值用户
14241.0,0.83420104,high,发送召回优惠券，重点推送激励内容
16536.0,0.8742098,high,发送召回优惠券，重点推送激励内容
17165.0,0.8447337,high,发送召回优惠券，重点推送激励内容
12812.0,0.83393955,high,发送召回优惠券，重点推送激励内容
17457.0,0.2997766,low,保持日常内容推送，重点维护高价值用户
17608.0,0.75606054,high,发送召回优惠券，重点推送激励内容
16085.0,0.42150488,medium,推送定制化Push消息、活动提醒
16404.0,0.8265069,high,发送召回优惠券，重点推送激励内容
15174.0,0.79988253,high,发送召回优惠券，重点推送激励内容
14640.0,0.33402187,low,保持日常内容推送，重点维护高价值用户
17601.0,0.7833085,high,发送召回优惠券，重点推送激励内容
12578.0,0.70501053,high,发送召回优惠券，重点推送激励内容
17571.0,0.44443017,medium,推送定制化Push消息、活动提醒
15737.0,0.396263,low,保持日常内容推送，重点维护高价值用户
13914.0,0.60740954,medium,推送定制化Push消息、活动提醒
14124.0,0.8114323,high,发送召回优惠券，重点推送激励内容
18287.0,0.5937298,medium,推送定制化Push消息、活动提醒
14460.0,0.753069,high,发送召回优惠券，重点推送激励内容
12640.0,0.6093202,medium,推送定制化Push消息、活动提醒
18248.0,0.65970844,medium,推送定制化Push消息、活动提醒
17843.0,0.8552503,high,发送召回优惠券，重点推送激励内容
18102.0,0.06136495,low,保持日常内容推送，重点维护高价值用户
12609.0,0.70365787,high,发送召回优惠券，重点推送激励内容
12449.0,0.48021242,medium,推送定制化Push消息、活动提醒
13085.0,0.63542193,medium,推送定制化Push消息、活动提醒
16311.0,0.63202065,medium,推送定制化Push消息、活动提醒
14290.0,0.36857972,low,保持日常内容推送，重点维护高价值用户
12991.0,0.59184206,medium,推送定制化Push消息、活动提醒
14140.0,0.52907795,medium,推送定制化Push消息、活动提醒
17105.0,0.8064928,high,发送召回优惠券，重点推送激励内容
17956.0,0.9587312,high,发送召回优惠券，重点推送激励内容
14462.0,0.09037299,low,保持日常内容推送，重点维护高价值用户
16619.0,0.870911,high,发送召回优惠券，重点推送激励内容
14242.0,0.72589433,high,发送召回优惠券，重点推送激励内容
12732.0,0.8598271,high,发送召回优惠券，重点推送激励内容
14859.0,0.56015813,medium,推送定制化Push消息、活动提醒
15883.0,0.6492024,medium,推送定制化Push消息、活动提醒
16185.0,0.66889626,medium,推送定制化Push消息、活动提醒
14523.0,0.80985355,high,发送召回优惠券，重点推送激励内容
16847.0,0.9000265,high,发送召回优惠券，重点推送激励内容
12713.0,0.8817941,high,发送召回优惠券，重点推送激励内容
12373.0,0.8935758,high,发送召回优惠券，重点推送激励内容
13557.0,0.63601494,medium,推送定制化Push消息、活动提醒
12582.0,0.65906984,medium,推送定制化Push消息、活动提醒
12735.0,0.60506266,medium,推送定制化Push消息、活动提醒
17284.0,0.26652208,low,保持日常内容推送，重点维护高价值用户
17464.0,0.6365629,medium,推送定制化Push消息、活动提醒
13070.0,0.8536258,high,发送召回优惠券，重点推送激励内容
12679.0,0.5056153,medium,推送定制化Push消息、活动提醒
15069.0,0.8676576,high,发送召回优惠券，重点推送激励内容
16791.0,0.33027914,low,保持日常内容推送，重点维护高价值用户
17227.0,0.37446147,low,保持日常内容推送，重点维护高价值用户
13471.0,0.54365575,medium,推送定制化Push消息、活动提醒
13243.0,0.88351405,high,发送召回优惠券，重点推送激励内容
13954.0,0.7292957,high,发送召回优惠券，重点推送激励内容
13893.0,0.884665,high,发送召回优惠券，重点推送激励内容
17381.0,0.052508518,low,保持日常内容推送，重点维护高价值用户
17226.0,0.84904104,high,发送召回优惠券，重点推送激励内容
13280.0,0.55165875,medium,推送定制化Push消息、活动提醒
15464.0,0.86974233,high,发送召回优惠券，重点推送激励内容
18004.0,0.9202488,high,发送召回优惠券，重点推送激励内容
12513.0,0.69221014,medium,推送定制化Push消息、活动提醒
16959.0,0.8149325,high,发送召回优惠券，重点推送激励内容
13736.0,0.69181854,medium,推送定制化Push消息、活动提醒
18067.0,0.89569134,high,发送召回优惠券，重点推送激励内容
13043.0,0.8755638,high,发送召回优惠券，重点推送激励内容
14965.0,0.60740954,medium,推送定制化Push消息、活动提醒
14687.0,0.872984,high,发送召回优惠券，重点推送激励内容
16597.0,0.8053293,high,发送召回优惠券，重点推送激励内容
17228.0,0.35718396,low,保持日常内容推送，重点维护高价值用户
18172.0,0.025846569,low,保持日常内容推送，重点维护高价值用户
16722.0,0.27059266,low,保持日常内容推送，重点维护高价值用户
15611.0,0.18768497,low,保持日常内容推送，重点维护高价值用户
15942.0,0.8197117,high,发送召回优惠券，重点推送激励内容
15321.0,0.6342486,medium,推送定制化Push消息、活动提醒
12590.0,0.5331021,medium,推送定制化Push消息、活动提醒
15673.0,0.57363653,medium,推送定制化Push消息、活动提醒
12618.0,0.8552503,high,发送召回优惠券，重点推送激励内容
15192.0,0.50567085,medium,推送定制化Push消息、活动提醒
15706.0,0.62322724,medium,推送定制化Push消息、活动提醒
12586.0,0.88440436,high,发送召回优惠券，重点推送激励内容
14050.0,0.69085586,medium,推送定制化Push消息、活动提醒
15276.0,0.79561836,high,发送召回优惠券，重点推送激励内容
15132.0,0.3221068,low,保持日常内容推送，重点维护高价值用户
12731.0,0.2263128,low,保持日常内容推送，重点维护高价值用户
16837.0,0.2919251,low,保持日常内容推送，重点维护高价值用户
16659.0,0.9346043,high,发送召回优惠券，重点推送激励内容
15764.0,0.3139037,low,保持日常内容推送，重点维护高价值用户
16324.0,0.65139323,medium,推送定制化Push消息、活动提醒
13388.0,0.67991334,medium,推送定制化Push消息、活动提醒
17398.0,0.5300909,medium,推送定制化Push消息、活动提醒
15335.0,0.9074617,high,发送召回优惠券，重点推送激励内容
18202.0,0.6101862,medium,推送定制化Push消息、活动提醒
13358.0,0.90773964,high,发送召回优惠券，重点推送激励内容
17948.0,0.9104524,high,发送召回优惠券，重点推送激励内容
16072.0,0.8865164,high,发送召回优惠券，重点推送激励内容
13476.0,0.5489972,medium,推送定制化Push消息、活动提醒
15573.0,0.65906984,medium,推送定制化Push消息、活动提醒
12912.0,0.41186446,medium,推送定制化Push消息、活动提醒
13124.0,0.5245579,medium,推送定制化Push消息、活动提醒
12600.0,0.27837062,low,保持日常内容推送，重点维护高价值用户
16617.0,0.83186674,high,发送召回优惠券，重点推送激励内容
17931.0,0.6076017,medium,推送定制化Push消息、活动提醒
16161.0,0.057504416,low,保持日常内容推送，重点维护高价值用户
13418.0,0.025422221,low,保持日常内容推送，重点维护高价值用户
16855.0,0.7278719,high,发送召回优惠券，重点推送激励内容
13425.0,0.65913,medium,推送定制化Push消息、活动提醒
14606.0,0.05150668,low,保持日常内容推送，重点维护高价值用户
17287.0,0.44207606,medium,推送定制化Push消息、活动提醒
13974.0,0.8504016,high,发送召回优惠券，重点推送激励内容
16710.0,0.33971873,low,保持日常内容推送，重点维护高价值用户
13416.0,0.62315387,medium,推送定制化Push消息、活动提醒
13859.0,0.85212296,high,发送召回优惠券，重点推送激励内容
13721.0,0.878007,high,发送召回优惠券，重点推送激励内容
13946.0,0.5206672,medium,推送定制化Push消息、活动提醒
14587.0,0.22249615,low,保持日常内容推送，重点维护高价值用户
12386.0,0.55456847,medium,推送定制化Push消息、活动提醒
16839.0,0.02923044,low,保持日常内容推送，重点维护高价值用户
13769.0,0.15206283,low,保持日常内容推送，重点维护高价值用户
17828.0,0.5409797,medium,推送定制化Push消息、活动提醒
13375.0,0.8852777,high,发送召回优惠券，重点推送激励内容
13979.0,0.8906123,high,发送召回优惠券，重点推送激励内容
17181.0,0.7537304,high,发送召回优惠券，重点推送激励内容
17347.0,0.70202094,high,发送召回优惠券，重点推送激励内容
13546.0,0.5548842,medium,推送定制化Push消息、活动提醒
17080.0,0.6748177,medium,推送定制化Push消息、活动提醒
15920.0,0.67863953,medium,推送定制化Push消息、活动提醒
12824.0,0.8171463,high,发送召回优惠券，重点推送激励内容
13697.0,0.715008,high,发送召回优惠券，重点推送激励内容
14500.0,0.6045323,medium,推送定制化Push消息、活动提醒
14092.0,0.122470185,low,保持日常内容推送，重点维护高价值用户
14498.0,0.42850673,medium,推送定制化Push消息、活动提醒
15795.0,0.8613439,high,发送召回优惠券，重点推送激励内容
15395.0,0.95824826,high,发送召回优惠券，重点推送激励内容
13095.0,0.8495871,high,发送召回优惠券，重点推送激励内容
14584.0,0.4910903,medium,推送定制化Push消息、活动提醒
18118.0,0.019204948,low,保持日常内容推送，重点维护高价值用户
17749.0,0.60506266,medium,推送定制化Push消息、活动提醒
14293.0,0.46209717,medium,推送定制化Push消息、活动提醒
12657.0,0.49808282,medium,推送定制化Push消息、活动提醒
16613.0,0.8699838,high,发送召回优惠券，重点推送激励内容
15689.0,0.6728055,medium,推送定制化Push消息、活动提醒
16926.0,0.96230024,high,发送召回优惠券，重点推送激励内容
17525.0,0.8748358,high,发送召回优惠券，重点推送激励内容
13747.0,0.9595183,high,发送召回优惠券，重点推送激励内容
13137.0,0.29002237,low,保持日常内容推送，重点维护高价值用户
12967.0,0.68013644,medium,推送定制化Push消息、活动提醒
14171.0,0.89344984,high,发送召回优惠券，重点推送激励内容
16987.0,0.5131082,medium,推送定制化Push消息、活动提醒
13897.0,0.87717116,high,发送召回优惠券，重点推送激励内容
17034.0,0.5873165,medium,推送定制化Push消息、活动提醒
14141.0,0.52066636,medium,推送定制化Push消息、活动提醒
15414.0,0.5548842,medium,推送定制化Push消息、活动提醒
12445.0,0.8133597,high,发送召回优惠券，重点推送激励内容
15808.0,0.4434051,medium,推送定制化Push消息、活动提醒
17600.0,0.7776278,high,发送召回优惠券，重点推送激励内容
12458.0,0.6596421,medium,推送定制化Push消息、活动提醒
12785.0,0.8866484,high,发送召回优惠券，重点推送激励内容
13758.0,0.20855942,low,保持日常内容推送，重点维护高价值用户
15567.0,0.6224252,medium,推送定制化Push消息、活动提醒
13244.0,0.9823663,high,发送召回优惠券，重点推送激励内容
17526.0,0.51648027,medium,推送定制化Push消息、活动提醒
18121.0,0.7091678,high,发送召回优惠券，重点推送激励内容
16535.0,0.893567,high,发送召回优惠券，重点推送激励内容
16897.0,0.7509729,high,发送召回优惠券，重点推送激励内容
16107.0,0.5080237,medium,推送定制化Push消息、活动提醒
12714.0,0.32796335,low,保持日常内容推送，重点维护高价值用户
16998.0,0.62693775,medium,推送定制化Push消息、活动提醒
14219.0,0.8728761,high,发送召回优惠券，重点推送激励内容
13266.0,0.191848,low,保持日常内容推送，重点维护高价值用户
15690.0,0.7323907,high,发送召回优惠券，重点推送激励内容
14396.0,0.6653651,medium,推送定制化Push消息、活动提醒
17033.0,0.47752282,medium,推送定制化Push消息、活动提醒
14311.0,0.87431276,high,发送召回优惠券，重点推送激励内容
12945.0,0.8265069,high,发送召回优惠券，重点推送激励内容
17289.0,0.59778786,medium,推送定制化Push消息、活动提醒
16769.0,0.8748358,high,发送召回优惠券，重点推送激励内容
17655.0,0.39364797,low,保持日常内容推送，重点维护高价值用户
14719.0,0.37459195,low,保持日常内容推送，重点维护高价值用户
18240.0,0.94101524,high,发送召回优惠券，重点推送激励内容
15153.0,0.86656755,high,发送召回优惠券，重点推送激励内容
18010.0,0.72131735,high,发送召回优惠券，重点推送激励内容
14375.0,0.70968455,high,发送召回优惠券，重点推送激励内容
17063.0,0.29892296,low,保持日常内容推送，重点维护高价值用户
17690.0,0.24379756,low,保持日常内容推送，重点维护高价值用户
17582.0,0.8815194,high,发送召回优惠券，重点推送激励内容
13802.0,0.5245579,medium,推送定制化Push消息、活动提醒
17169.0,0.66396224,medium,推送定制化Push消息、活动提醒
16270.0,0.8995367,high,发送召回优惠券，重点推送激励内容
15306.0,0.6415625,medium,推送定制化Push消息、活动提醒
13336.0,0.891341,high,发送召回优惠券，重点推送激励内容
13752.0,0.3115326,low,保持日常内容推送，重点维护高价值用户
17058.0,0.6155421,medium,推送定制化Push消息、活动提醒
16665.0,0.83615506,high,发送召回优惠券，重点推送激励内容
18179.0,0.26139176,low,保持日常内容推送，重点维护高价值用户
14056.0,0.01721064,low,保持日常内容推送，重点维护高价值用户
15790.0,0.8375001,high,发送召回优惠券，重点推送激励内容
12431.0,0.097149245,low,保持日常内容推送，重点维护高价值用户
18167.0,0.6093202,medium,推送定制化Push消息、活动提醒
14713.0,0.2643235,low,保持日常内容推送，重点维护高价值用户
16063.0,0.77320147,high,发送召回优惠券，重点推送激励内容
15550.0,0.5268735,medium,推送定制化Push消息、活动提醒
12755.0,0.662593,medium,推送定制化Push消息、活动提醒
17886.0,0.5873165,medium,推送定制化Push消息、活动提醒
12641.0,0.9322423,high,发送召回优惠券，重点推送激励内容
13253.0,0.7332647,high,发送召回优惠券，重点推送激励内容
17247.0,0.8420013,high,发送召回优惠券，重点推送激励内容
16915.0,0.4874853,medium,推送定制化Push消息、活动提醒
15581.0,0.13839433,low,保持日常内容推送，重点维护高价值用户
13235.0,0.9043499,high,发送召回优惠券，重点推送激励内容
17027.0,0.30630186,low,保持日常内容推送，重点维护高价值用户
13873.0,0.6829222,medium,推送定制化Push消息、活动提醒
16851.0,0.56875086,medium,推送定制化Push消息、活动提醒
15990.0,0.6556479,medium,推送定制化Push消息、活动提醒
13953.0,0.3660444,low,保持日常内容推送，重点维护高价值用户
15773.0,0.88764447,high,发送召回优惠券，重点推送激励内容
13218.0,0.7320228,high,发送召回优惠券，重点推送激励内容
16654.0,0.48870012,medium,推送定制化Push消息、活动提醒
17958.0,0.8643379,high,发送召回优惠券，重点推送激励内容
14439.0,0.92470556,high,发送召回优惠券，重点推送激励内容
16883.0,0.6882247,medium,推送定制化Push消息、活动提醒
13300.0,0.8935758,high,发送召回优惠券，重点推送激励内容
15435.0,0.7037076,high,发送召回优惠券，重点推送激励内容
12423.0,0.14905581,low,保持日常内容推送，重点维护高价值用户
16030.0,0.8377515,high,发送召回优惠券，重点推送激励内容
17966.0,0.5088089,medium,推送定制化Push消息、活动提醒
17703.0,0.52960545,medium,推送定制化Push消息、活动提醒
12403.0,0.8643379,high,发送召回优惠券，重点推送激励内容
13841.0,0.7267561,high,发送召回优惠券，重点推送激励内容
15955.0,0.11205074,low,保持日常内容推送，重点维护高价值用户
17656.0,0.46065468,medium,推送定制化Push消息、活动提醒
17239.0,0.87486744,high,发送召回优惠券，重点推送激励内容
12361.0,0.8536258,high,发送召回优惠券，重点推送激励内容
16168.0,0.03602151,low,保持日常内容推送，重点维护高价值用户
12868.0,0.3607495,low,保持日常内容推送，重点维护高价值用户
14972.0,0.91369754,high,发送召回优惠券，重点推送激励内容
13052.0,0.7591547,high,发送召回优惠券，重点推送激励内容
15894.0,0.661373,medium,推送定制化Push消息、活动提醒
14235.0,0.28029034,low,保持日常内容推送，重点维护高价值用户
15752.0,0.13821705,low,保持日常内容推送，重点维护高价值用户
17913.0,0.6571351,medium,推送定制化Push消息、活动提醒
12797.0,0.867379,high,发送召回优惠券，重点推送激励内容
17531.0,0.90178746,high,发送召回优惠券，重点推送激励内容
15801.0,0.60234916,medium,推送定制化Push消息、活动提醒
17809.0,0.11162071,low,保持日常内容推送，重点维护高价值用户
14400.0,0.80994964,high,发送召回优惠券，重点推送激励内容
13723.0,0.7360124,high,发送召回优惠券，重点推送激励内容
15483.0,0.46774343,medium,推送定制化Push消息、活动提醒
16628.0,0.3891698,low,保持日常内容推送，重点维护高价值用户
14591.0,0.5112858,medium,推送定制化Push消息、活动提醒
16268.0,0.61047584,medium,推送定制化Push消息、活动提醒
15953.0,0.30808985,low,保持日常内容推送，重点维护高价值用户
16184.0,0.37309024,low,保持日常内容推送，重点维护高价值用户
13428.0,0.83393955,high,发送召回优惠券，重点推送激励内容
14507.0,0.3671284,low,保持日常内容推送，重点维护高价值用户
14179.0,0.66735095,medium,推送定制化Push消息、活动提醒
17859.0,0.7898441,high,发送召回优惠券，重点推送激励内容
13132.0,0.6263774,medium,推送定制化Push消息、活动提醒
14467.0,0.5767858,medium,推送定制化Push消息、活动提醒
12987.0,0.68898416,medium,推送定制化Push消息、活动提醒
14382.0,0.84827805,high,发送召回优惠券，重点推送激励内容
13638.0,0.78863364,high,发送召回优惠券，重点推送激励内容
14799.0,0.778257,high,发送召回优惠券，重点推送激励内容
13078.0,0.026679073,low,保持日常内容推送，重点维护高价值用户
14623.0,0.35257703,low,保持日常内容推送，重点维护高价值用户
17734.0,0.5349161,medium,推送定制化Push消息、活动提醒
16773.0,0.7819247,high,发送召回优惠券，重点推送激励内容
15620.0,0.60623103,medium,推送定制化Push消息、活动提醒
13006.0,0.80425584,high,发送召回优惠券，重点推送激励内容
12843.0,0.30702478,low,保持日常内容推送，重点维护高价值用户
13404.0,0.72589433,high,发送召回优惠券，重点推送激励内容
16383.0,0.60327214,medium,推送定制化Push消息、活动提醒
16497.0,0.21475203,low,保持日常内容推送，重点维护高价值用户
13875.0,0.3270792,low,保持日常内容推送，重点维护高价值用户
14333.0,0.7517843,high,发送召回优惠券，重点推送激励内容
14331.0,0.6299629,medium,推送定制化Push消息、活动提醒
17881.0,0.93970233,high,发送召回优惠券，重点推送激励内容
13518.0,0.90868646,high,发送召回优惠券，重点推送激励内容
13317.0,0.32931042,low,保持日常内容推送，重点维护高价值用户
14752.0,0.8686428,high,发送召回优惠券，重点推送激励内容
14757.0,0.8476936,high,发送召回优惠券，重点推送激励内容
13536.0,0.29450274,low,保持日常内容推送，重点维护高价值用户
15038.0,0.7427608,high,发送召回优惠券，重点推送激励内容
15134.0,0.29228497,low,保持日常内容推送，重点维护高价值用户
17029.0,0.6556479,medium,推送定制化Push消息、活动提醒
16712.0,0.31234595,low,保持日常内容推送，重点维护高价值用户
16756.0,0.88074297,high,发送召回优惠券，重点推送激励内容
16620.0,0.69621634,medium,推送定制化Push消息、活动提醒
15912.0,0.631358,medium,推送定制化Push消息、活动提醒
15291.0,0.110215195,low,保持日常内容推送，重点维护高价值用户
13461.0,0.58653736,medium,推送定制化Push消息、活动提醒
17692.0,0.47990534,medium,推送定制化Push消息、活动提醒
16048.0,0.7469375,high,发送召回优惠券，重点推送激励内容
14547.0,0.47582304,medium,推送定制化Push消息、活动提醒
16982.0,0.8626817,high,发送召回优惠券，重点推送激励内容
14512.0,0.72589433,high,发送召回优惠券，重点推送激励内容
14902.0,0.7836391,high,发送召回优惠券，重点推送激励内容
13571.0,0.43630165,medium,推送定制化Push消息、活动提醒
15503.0,0.93407714,high,发送召回优惠券，重点推送激励内容
14064.0,0.5272866,medium,推送定制化Push消息、活动提醒
14196.0,0.9062678,high,发送召回优惠券，重点推送激励内容
16813.0,0.23476437,low,保持日常内容推送，重点维护高价值用户
12753.0,0.56744915,medium,推送定制化Push消息、活动提醒
17085.0,0.3704082,low,保持日常内容推送，重点维护高价值用户
14100.0,0.79495615,high,发送召回优惠券，重点推送激励内容
17877.0,0.88592356,high,发送召回优惠券，重点推送激励内容
13663.0,0.8536258,high,发送召回优惠券，重点推送激励内容
15660.0,0.46417338,medium,推送定制化Push消息、活动提醒
16810.0,0.827557,high,发送召回优惠券，重点推送激励内容
18147.0,0.86157095,high,发送召回优惠券，重点推送激励内容
17955.0,0.6256802,medium,推送定制化Push消息、活动提醒
16235.0,0.47073022,medium,推送定制化Push消息、活动提醒
17569.0,0.88341224,high,发送召回优惠券，重点推送激励内容
17879.0,0.6931537,medium,推送定制化Push消息、活动提醒
12384.0,0.71415806,high,发送召回优惠券，重点推送激励内容
16778.0,0.761081,high,发送召回优惠券，重点推送激励内容
17341.0,0.53618544,medium,推送定制化Push消息、活动提醒
15535.0,0.58785826,medium,推送定制化Push消息、活动提醒
13993.0,0.5549297,medium,推送定制化Push消息、活动提醒
14844.0,0.7164794,high,发送召回优惠券，重点推送激励内容
13196.0,0.47009513,medium,推送定制化Push消息、活动提醒
15254.0,0.83477443,high,发送召回优惠券，重点推送激励内容
13493.0,0.62280333,medium,推送定制化Push消息、活动提醒
14051.0,0.023131168,low,保持日常内容推送，重点维护高价值用户
17017.0,0.01959589,low,保持日常内容推送，重点维护高价值用户
12627.0,0.354854,low,保持日常内容推送，重点维护高价值用户
13343.0,0.84949744,high,发送召回优惠券，重点推送激励内容
14944.0,0.14045541,low,保持日常内容推送，重点维护高价值用户
12866.0,0.9625982,high,发送召回优惠券，重点推送激励内容
12560.0,0.613332,medium,推送定制化Push消息、活动提醒
16626.0,0.08784833,low,保持日常内容推送，重点维护高价值用户
14723.0,0.28426236,low,保持日常内容推送，重点维护高价值用户
16407.0,0.09485671,low,保持日常内容推送，重点维护高价值用户
15886.0,0.74674034,high,发送召回优惠券，重点推送激励内容
13348.0,0.870911,high,发送召回优惠券，重点推送激励内容
18146.0,0.7341692,high,发送召回优惠券，重点推送激励内容
16881.0,0.66362715,medium,推送定制化Push消息、活动提醒
17967.0,0.9031921,high,发送召回优惠券，重点推送激励内容
15506.0,0.4991108,medium,推送定制化Push消息、活动提醒
14850.0,0.83238953,high,发送召回优惠券，重点推送激励内容
15007.0,0.9381889,high,发送召回优惠券，重点推送激励内容
16347.0,0.70066524,high,发送召回优惠券，重点推送激励内容
16376.0,0.6985261,medium,推送定制化Push消息、活动提醒
12401.0,0.9595183,high,发送召回优惠券，重点推送激励内容
14071.0,0.29886752,low,保持日常内容推送，重点维护高价值用户
16201.0,0.5394019,medium,推送定制化Push消息、活动提醒
18123.0,0.7651932,high,发送召回优惠券，重点推送激励内容
13762.0,0.83477443,high,发送召回优惠券，重点推送激励内容
16045.0,0.6475372,medium,推送定制化Push消息、活动提醒
17880.0,0.8743628,high,发送召回优惠券，重点推送激励内容
15705.0,0.84900737,high,发送召回优惠券，重点推送激励内容
13801.0,0.8565482,high,发送召回优惠券，重点推送激励内容
12653.0,0.6859599,medium,推送定制化Push消息、活动提醒
13411.0,0.9482773,high,发送召回优惠券，重点推送激励内容
16801.0,0.7070345,high,发送召回优惠券，重点推送激励内容
16033.0,0.036197823,low,保持日常内容推送，重点维护高价值用户
17491.0,0.098044574,low,保持日常内容推送，重点维护高价值用户
18250.0,0.87168723,high,发送召回优惠券，重点推送激励内容
17394.0,0.7487533,high,发送召回优惠券，重点推送激励内容
15940.0,0.9595183,high,发送召回优惠券，重点推送激励内容
12747.0,0.50841975,medium,推送定制化Push消息、活动提醒
14287.0,0.60760653,medium,推送定制化Push消息、活动提醒
16020.0,0.5548842,medium,推送定制化Push消息、活动提醒
17895.0,0.6925216,medium,推送定制化Push消息、活动提醒
15489.0,0.60234916,medium,推送定制化Push消息、活动提醒
16207.0,0.8662436,high,发送召回优惠券，重点推送激励内容
13986.0,0.72319096,high,发送召回优惠券，重点推送激励内容
13165.0,0.730173,high,发送召回优惠券，重点推送激励内容
13430.0,0.7457255,high,发送召回优惠券，重点推送激励内容
15832.0,0.90342134,high,发送召回优惠券，重点推送激励内容
17972.0,0.9519821,high,发送召回优惠券，重点推送激励内容
17490.0,0.29787752,low,保持日常内容推送，重点维护高价值用户
16764.0,0.065862305,low,保持日常内容推送，重点维护高价值用户
15857.0,0.8339081,high,发送召回优惠券，重点推送激励内容
12468.0,0.7063991,high,发送召回优惠券，重点推送激励内容
17018.0,0.5802657,medium,推送定制化Push消息、活动提醒
17637.0,0.63718766,medium,推送定制化Push消息、活动提醒
16806.0,0.43142948,medium,推送定制化Push消息、活动提醒
17629.0,0.22965208,low,保持日常内容推送，重点维护高价值用户
14652.0,0.7911827,high,发送召回优惠券，重点推送激励内容
14360.0,0.5284607,medium,推送定制化Push消息、活动提醒
12993.0,0.6357406,medium,推送定制化Push消息、活动提醒
14389.0,0.63838387,medium,推送定制化Push消息、活动提醒
18144.0,0.18989125,low,保持日常内容推送，重点维护高价值用户
13844.0,0.8935758,high,发送召回优惠券，重点推送激励内容
17373.0,0.4551354,medium,推送定制化Push消息、活动提醒
17765.0,0.6837419,medium,推送定制化Push消息、活动提醒
13001.0,0.09578802,low,保持日常内容推送，重点维护高价值用户
13867.0,0.6110344,medium,推送定制化Push消息、活动提醒
16091.0,0.6942953,medium,推送定制化Push消息、活动提醒
15720.0,0.8763738,high,发送召回优惠券，重点推送激励内容
13144.0,0.9320155,high,发送召回优惠券，重点推送激励内容
15280.0,0.67994976,medium,推送定制化Push消息、活动提醒
16690.0,0.66798806,medium,推送定制化Push消息、活动提醒
15220.0,0.3235197,low,保持日常内容推送，重点维护高价值用户
14496.0,0.8429435,high,发送召回优惠券，重点推送激励内容
14818.0,0.6006776,medium,推送定制化Push消息、活动提醒
14346.0,0.6581717,medium,推送定制化Push消息、活动提醒
16422.0,0.09118611,low,保持日常内容推送，重点维护高价值用户
13302.0,0.95276284,high,发送召回优惠券，重点推送激励内容
12565.0,0.8829622,high,发送召回优惠券，重点推送激励内容
14470.0,0.81515163,high,发送召回优惠券，重点推送激励内容
12615.0,0.4516019,medium,推送定制化Push消息、活动提醒
17540.0,0.83742476,high,发送召回优惠券，重点推送激励内容
16513.0,0.4930921,medium,推送定制化Push消息、活动提醒
16365.0,0.5972011,medium,推送定制化Push消息、活动提醒
13094.0,0.22492106,low,保持日常内容推送，重点维护高价值用户
14887.0,0.90273666,high,发送召回优惠券，重点推送激励内容
14276.0,0.70028204,high,发送召回优惠券，重点推送激励内容
18233.0,0.8977333,high,发送召回优惠券，重点推送激励内容
15457.0,0.8691933,high,发送召回优惠券，重点推送激励内容
13397.0,0.47004318,medium,推送定制化Push消息、活动提醒
17702.0,0.46807334,medium,推送定制化Push消息、活动提醒
16412.0,0.92883646,high,发送召回优惠券，重点推送激励内容
16727.0,0.85920566,high,发送召回优惠券，重点推送激励内容
17410.0,0.35958093,low,保持日常内容推送，重点维护高价值用户
15110.0,0.57145846,medium,推送定制化Push消息、活动提醒
13161.0,0.91369754,high,发送召回优惠券，重点推送激励内容
13106.0,0.68879884,medium,推送定制化Push消息、活动提醒
17888.0,0.20229316,low,保持日常内容推送，重点维护高价值用户
13209.0,0.17362653,low,保持日常内容推送，重点维护高价值用户
17320.0,0.654931,medium,推送定制化Push消息、活动提醒
12541.0,0.7014233,high,发送召回优惠券，重点推送激励内容
17119.0,0.641981,medium,推送定制化Push消息、活动提醒
17769.0,0.06394966,low,保持日常内容推送，重点维护高价值用户
14790.0,0.46959865,medium,推送定制化Push消息、活动提醒
13623.0,0.47073022,medium,推送定制化Push消息、活动提醒
17839.0,0.8377515,high,发送召回优惠券，重点推送激励内容
12708.0,0.21252279,low,保持日常内容推送，重点维护高价值用户
12462.0,0.75304693,high,发送召回优惠券，重点推送激励内容
16008.0,0.58549285,medium,推送定制化Push消息、活动提醒
12642.0,0.60234916,medium,推送定制化Push消息、活动提醒
17783.0,0.66402745,medium,推送定制化Push消息、活动提醒
15774.0,0.9377433,high,发送召回优惠券，重点推送激励内容
15482.0,0.20362945,low,保持日常内容推送，重点维护高价值用户
15687.0,0.35161793,low,保持日常内容推送，重点维护高价值用户
14265.0,0.62280333,medium,推送定制化Push消息、活动提醒
15356.0,0.19991827,low,保持日常内容推送，重点维护高价值用户
18145.0,0.47109565,medium,推送定制化Push消息、活动提醒
17707.0,0.75624406,high,发送召回优惠券，重点推送激励内容
16340.0,0.803884,high,发送召回优惠券，重点推送激励内容
12948.0,0.30681264,low,保持日常内容推送，重点维护高价值用户
17278.0,0.82911366,high,发送召回优惠券，重点推送激励内容
16728.0,0.51108533,medium,推送定制化Push消息、活动提醒
14353.0,0.8220409,high,发送召回优惠券，重点推送激励内容
15655.0,0.8939332,high,发送召回优惠券，重点推送激励内容
16746.0,0.02103119,low,保持日常内容推送，重点维护高价值用户
12380.0,0.5551108,medium,推送定制化Push消息、活动提醒
13682.0,0.9546016,high,发送召回优惠券，重点推送激励内容
14803.0,0.6201646,medium,推送定制化Push消息、活动提醒
17858.0,0.14764965,low,保持日常内容推送，重点维护高价值用户
17052.0,0.85196066,high,发送召回优惠券，重点推送激励内容
12569.0,0.113497995,low,保持日常内容推送，重点维护高价值用户
15803.0,0.90494055,high,发送召回优惠券，重点推送激励内容
14714.0,0.6848839,medium,推送定制化Push消息、活动提醒
14442.0,0.78107876,high,发送召回优惠券，重点推送激励内容
18154.0,0.6198662,medium,推送定制化Push消息、活动提醒
16403.0,0.8447337,high,发送召回优惠券，重点推送激励内容
13824.0,0.44685096,medium,推送定制化Push消息、活动提醒
15858.0,0.45620212,medium,推送定制化Push消息、活动提醒
15286.0,0.7337746,high,发送召回优惠券，重点推送激励内容
12435.0,0.3266427,low,保持日常内容推送，重点维护高价值用户
12921.0,0.023526683,low,保持日常内容推送，重点维护高价值用户
14189.0,0.13351533,low,保持日常内容推送，重点维护高价值用户
13751.0,0.8565482,high,发送召回优惠券，重点推送激励内容
15005.0,0.010671423,low,保持日常内容推送，重点维护高价值用户
14262.0,0.3368929,low,保持日常内容推送，重点维护高价值用户
14150.0,0.56404454,medium,推送定制化Push消息、活动提醒
14002.0,0.7945143,high,发送召回优惠券，重点推送激励内容
16432.0,0.875225,high,发送召回优惠券，重点推送激励内容
12412.0,0.59863335,medium,推送定制化Push消息、活动提醒
12855.0,0.8588844,high,发送召回优惠券，重点推送激励内容
16321.0,0.54166204,medium,推送定制化Push消息、活动提醒
12909.0,0.38868552,low,保持日常内容推送，重点维护高价值用户
15101.0,0.5897735,medium,推送定制化Push消息、活动提醒
13846.0,0.68340176,medium,推送定制化Push消息、活动提醒
16777.0,0.60191053,medium,推送定制化Push消息、活动提醒
13091.0,0.72319096,high,发送召回优惠券，重点推送激励内容
15683.0,0.88613516,high,发送召回优惠券，重点推送激励内容
17489.0,0.7822046,high,发送召回优惠券，重点推送激励内容
15187.0,0.07080459,low,保持日常内容推送，重点维护高价值用户
12377.0,0.6867993,medium,推送定制化Push消息、活动提醒
17262.0,0.54500973,medium,推送定制化Push消息、活动提醒
18226.0,0.10079104,low,保持日常内容推送，重点维护高价值用户
12612.0,0.8578412,high,发送召回优惠券，重点推送激励内容
12928.0,0.40746495,medium,推送定制化Push消息、活动提醒
16823.0,0.84949744,high,发送召回优惠券，重点推送激励内容
14730.0,0.30670726,low,保持日常内容推送，重点维护高价值用户
17100.0,0.5925359,medium,推送定制化Push消息、活动提醒
15472.0,0.86962384,high,发送召回优惠券，重点推送激励内容
16050.0,0.80101246,high,发送召回优惠券，重点推送激励内容
17857.0,0.011719147,low,保持日常内容推送，重点维护高价值用户
15844.0,0.817309,high,发送召回优惠券，重点推送激励内容
13791.0,0.64000714,medium,推送定制化Push消息、活动提醒
12739.0,0.6779792,medium,推送定制化Push消息、活动提醒
16464.0,0.520009,medium,推送定制化Push消息、活动提醒
13507.0,0.54365575,medium,推送定制化Push消息、活动提醒
13216.0,0.83238953,high,发送召回优惠券，重点推送激励内容
18192.0,0.8058469,high,发送召回优惠券，重点推送激励内容
17701.0,0.86561453,high,发送召回优惠券，重点推送激励内容
17382.0,0.7216711,high,发送召回优惠券，重点推送激励内容
17976.0,0.9377433,high,发送召回优惠券，重点推送激励内容
14356.0,0.6986307,medium,推送定制化Push消息、活动提醒
14769.0,0.35645476,low,保持日常内容推送，重点维护高价值用户
13037.0,0.6078789,medium,推送定制化Push消息、活动提醒
17664.0,0.7651932,high,发送召回优惠券，重点推送激励内容
12500.0,0.10041213,low,保持日常内容推送，重点维护高价值用户
16940.0,0.4339304,medium,推送定制化Push消息、活动提醒
14784.0,0.6004402,medium,推送定制化Push消息、活动提醒
12402.0,0.86931914,high,发送召回优惠券，重点推送激励内容
12703.0,0.8613121,high,发送召回优惠券，重点推送激励内容
14299.0,0.28609243,low,保持日常内容推送，重点维护高价值用户
13394.0,0.27202037,low,保持日常内容推送，重点维护高价值用户
17350.0,0.47029507,medium,推送定制化Push消息、活动提醒
12790.0,0.8565482,high,发送召回优惠券，重点推送激励内容
13704.0,0.52871066,medium,推送定制化Push消息、活动提醒
17324.0,0.45154035,medium,推送定制化Push消息、活动提醒
16423.0,0.81432986,high,发送召回优惠券，重点推送激励内容
15630.0,0.68915254,medium,推送定制化Push消息、活动提醒
15150.0,0.09570929,low,保持日常内容推送，重点维护高价值用户
14689.0,0.93199944,high,发送召回优惠券，重点推送激励内容
13047.0,0.24815495,low,保持日常内容推送，重点维护高价值用户
14411.0,0.8774695,high,发送召回优惠券，重点推送激励内容
14616.0,0.66656,medium,推送定制化Push消息、活动提醒
16825.0,0.580427,medium,推送定制化Push消息、活动提醒
14401.0,0.19777776,low,保持日常内容推送，重点维护高价值用户
15579.0,0.6966368,medium,推送定制化Push消息、活动提醒
12659.0,0.77830344,high,发送召回优惠券，重点推送激励内容
15026.0,0.5641612,medium,推送定制化Push消息、活动提醒
16239.0,0.6299629,medium,推送定制化Push消息、活动提醒
15106.0,0.5288431,medium,推送定制化Push消息、活动提醒
16909.0,0.83856577,high,发送召回优惠券，重点推送激励内容
13203.0,0.41965488,medium,推送定制化Push消息、活动提醒
14930.0,0.59986806,medium,推送定制化Push消息、活动提醒
15333.0,0.85633326,high,发送召回优惠券，重点推送激励内容
13419.0,0.7108433,high,发送召回优惠券，重点推送激励内容
14722.0,0.8447337,high,发送召回优惠券，重点推送激励内容
17204.0,0.58514327,medium,推送定制化Push消息、活动提醒
17679.0,0.653904,medium,推送定制化Push消息、活动提醒
12705.0,0.25462073,low,保持日常内容推送，重点维护高价值用户
15860.0,0.54602593,medium,推送定制化Push消息、活动提醒
13940.0,0.46002847,medium,推送定制化Push消息、活动提醒
18015.0,0.67994976,medium,推送定制化Push消息、活动提醒
18205.0,0.8125581,high,发送召回优惠券，重点推送激励内容
16820.0,0.87931913,high,发送召回优惠券，重点推送激励内容
14698.0,0.35958093,low,保持日常内容推送，重点维护高价值用户
14465.0,0.6161238,medium,推送定制化Push消息、活动提醒
15563.0,0.59335035,medium,推送定制化Push消息、活动提醒
12669.0,0.6458312,medium,推送定制化Push消息、活动提醒
16200.0,0.707776,high,发送召回优惠券，重点推送激励内容
15460.0,0.863592,high,发送召回优惠券，重点推送激励内容
14163.0,0.428895,medium,推送定制化Push消息、活动提醒
16022.0,0.87414724,high,发送召回优惠券，重点推送激励内容
13319.0,0.02545064,low,保持日常内容推送，重点维护高价值用户
12417.0,0.38372937,low,保持日常内容推送，重点维护高价值用户
14828.0,0.5461392,medium,推送定制化Push消息、活动提醒
15880.0,0.7591547,high,发送召回优惠券，重点推送激励内容
15436.0,0.53918105,medium,推送定制化Push消息、活动提醒
15125.0,0.12236743,low,保持日常内容推送，重点维护高价值用户
13247.0,0.62108284,medium,推送定制化Push消息、活动提醒
15806.0,0.5206672,medium,推送定制化Push消息、活动提醒
13720.0,0.47723046,medium,推送定制化Push消息、活动提醒
15815.0,0.20973344,low,保持日常内容推送，重点维护高价值用户
17038.0,0.91369754,high,发送召回优惠券，重点推送激励内容
18155.0,0.54917836,medium,推送定制化Push消息、活动提醒
13427.0,0.5381072,medium,推送定制化Push消息、活动提醒
15386.0,0.83856577,high,发送召回优惠券，重点推送激励内容
13249.0,0.5206672,medium,推送定制化Push消息、活动提醒
15529.0,0.14474034,low,保持日常内容推送，重点维护高价值用户
18008.0,0.2973011,low,保持日常内容推送，重点维护高价值用户
15952.0,0.51046705,medium,推送定制化Push消息、活动提醒
16098.0,0.49853855,medium,推送定制化Push消息、活动提醒
12488.0,0.64632046,medium,推送定制化Push消息、活动提醒
15277.0,0.79989105,high,发送召回优惠券，重点推送激励内容
15039.0,0.06429746,low,保持日常内容推送，重点维护高价值用户
17295.0,0.5873165,medium,推送定制化Push消息、活动提醒
17365.0,0.2419464,low,保持日常内容推送，重点维护高价值用户
12359.0,0.41156903,medium,推送定制化Push消息、活动提醒
15237.0,0.47546288,medium,推送定制化Push消息、活动提醒
12740.0,0.8059324,high,发送召回优惠券，重点推送激励内容
13421.0,0.66450053,medium,推送定制化Push消息、活动提醒
14130.0,0.8659105,high,发送召回优惠券，重点推送激励内容
18196.0,0.63202065,medium,推送定制化Push消息、活动提醒
13477.0,0.28864354,low,保持日常内容推送，重点维护高价值用户
13322.0,0.86431104,high,发送召回优惠券，重点推送激励内容
16992.0,0.3841172,low,保持日常内容推送，重点维护高价值用户
15208.0,0.46149167,medium,推送定制化Push消息、活动提醒
14006.0,0.7540951,high,发送召回优惠券，重点推送激励内容
17725.0,0.09216575,low,保持日常内容推送，重点维护高价值用户
17222.0,0.8304032,high,发送召回优惠券，重点推送激励内容
16996.0,0.48474234,medium,推送定制化Push消息、活动提醒
16445.0,0.8536258,high,发送召回优惠券，重点推送激励内容
14701.0,0.51448184,medium,推送定制化Push消息、活动提醒
13700.0,0.15515421,low,保持日常内容推送，重点维护高价值用户
16247.0,0.75015914,high,发送召回优惠券，重点推送激励内容
15839.0,0.61570024,medium,推送定制化Push消息、活动提醒
18246.0,0.69155246,medium,推送定制化Push消息、活动提醒
16752.0,0.6931537,medium,推送定制化Push消息、活动提醒
15856.0,0.011194698,low,保持日常内容推送，重点维护高价值用户
13262.0,0.85212296,high,发送召回优惠券，重点推送激励内容
17462.0,0.54622567,medium,推送定制化Push消息、活动提醒
18097.0,0.38170487,low,保持日常内容推送，重点维护高价值用户
14549.0,0.86661154,high,发送召回优惠券，重点推送激励内容
14488.0,0.7379061,high,发送召回优惠券，重点推送激励内容
15407.0,0.5028378,medium,推送定制化Push消息、活动提醒
14847.0,0.87003505,high,发送召回优惠券，重点推送激励内容
16015.0,0.62494326,medium,推送定制化Push消息、活动提醒
17076.0,0.4989668,medium,推送定制化Push消息、活动提醒
15948.0,0.6581717,medium,推送定制化Push消息、活动提醒
12877.0,0.15865916,low,保持日常内容推送，重点维护高价值用户
14541.0,0.35849196,low,保持日常内容推送，重点维护高价值用户
17697.0,0.8834169,high,发送召回优惠券，重点推送激励内容
12625.0,0.6029765,medium,推送定制化Push消息、活动提醒
13644.0,0.47839952,medium,推送定制化Push消息、活动提醒
15135.0,0.9160258,high,发送召回优惠券，重点推送激励内容
13730.0,0.6684467,medium,推送定制化Push消息、活动提醒
18156.0,0.70066524,high,发送召回优惠券，重点推送激励内容
14093.0,0.803884,high,发送召回优惠券，重点推送激励内容
16356.0,0.74008703,high,发送召回优惠券，重点推送激励内容
15570.0,0.12939353,low,保持日常内容推送，重点维护高价值用户
15505.0,0.513167,medium,推送定制化Push消息、活动提醒
13955.0,0.6942953,medium,推送定制化Push消息、活动提醒
16394.0,0.49426287,medium,推送定制化Push消息、活动提醒
14280.0,0.8158832,high,发送召回优惠券，重点推送激励内容
15366.0,0.68001646,medium,推送定制化Push消息、活动提醒
17026.0,0.65453976,medium,推送定制化Push消息、活动提醒
14024.0,0.73812735,high,发送召回优惠券，重点推送激励内容
17870.0,0.3287634,low,保持日常内容推送，重点维护高价值用户
12577.0,0.47476986,medium,推送定制化Push消息、活动提醒
14481.0,0.6016439,medium,推送定制化Push消息、活动提醒
15659.0,0.8221552,high,发送召回优惠券，重点推送激励内容
12981.0,0.6488445,medium,推送定制化Push消息、活动提醒
13732.0,0.8613439,high,发送召回优惠券，重点推送激励内容
16567.0,0.77266306,high,发送召回优惠券，重点推送激励内容
16565.0,0.6931537,medium,推送定制化Push消息、活动提醒
14936.0,0.2761304,low,保持日常内容推送，重点维护高价值用户
12520.0,0.4732583,medium,推送定制化Push消息、活动提醒
13924.0,0.31783494,low,保持日常内容推送，重点维护高价值用户
15916.0,0.27240255,low,保持日常内容推送，重点维护高价值用户
15164.0,0.6201646,medium,推送定制化Push消息、活动提醒
12673.0,0.6667904,medium,推送定制化Push消息、活动提醒
17279.0,0.6931537,medium,推送定制化Push消息、活动提醒
15744.0,0.8374521,high,发送召回优惠券，重点推送激励内容
17418.0,0.62280333,medium,推送定制化Push消息、活动提醒
12425.0,0.89473176,high,发送召回优惠券，重点推送激励内容
15360.0,0.8173441,high,发送召回优惠券，重点推送激励内容
15847.0,0.7822046,high,发送召回优惠券，重点推送激励内容
15599.0,0.6299941,medium,推送定制化Push消息、活动提醒
15009.0,0.6802772,medium,推送定制化Push消息、活动提醒
16224.0,0.5588334,medium,推送定制化Push消息、活动提醒
15664.0,0.88206124,high,发送召回优惠券，重点推送激励内容
17732.0,0.9377433,high,发送召回优惠券，重点推送激励内容
13925.0,0.52964234,medium,推送定制化Push消息、活动提醒
17155.0,0.7473796,high,发送召回优惠券，重点推送激励内容
13799.0,0.65906984,medium,推送定制化Push消息、活动提醒
15301.0,0.11768859,low,保持日常内容推送，重点维护高价值用户
16027.0,0.25640473,low,保持日常内容推送，重点维护高价值用户
17649.0,0.8915483,high,发送召回优惠券，重点推送激励内容
17064.0,0.58925545,medium,推送定制化Push消息、活动提醒
14957.0,0.869052,high,发送召回优惠券，重点推送激励内容
12474.0,0.042720113,low,保持日常内容推送，重点维护高价值用户
15475.0,0.8844811,high,发送召回优惠券，重点推送激励内容
15002.0,0.49088815,medium,推送定制化Push消息、活动提醒
18005.0,0.71735597,high,发送召回优惠券，重点推送激励内容
15184.0,0.63542193,medium,推送定制化Push消息、活动提醒
13011.0,0.88794273,high,发送召回优惠券，重点推送激励内容
18093.0,0.66004014,medium,推送定制化Push消息、活动提醒
13803.0,0.88074297,high,发送召回优惠券，重点推送激励内容
13503.0,0.79730815,high,发送召回优惠券，重点推送激励内容
15654.0,0.62374246,medium,推送定制化Push消息、活动提醒
14830.0,0.7507624,high,发送召回优惠券，重点推送激励内容
14054.0,0.8448742,high,发送召回优惠券，重点推送激励内容
14257.0,0.4732583,medium,推送定制化Push消息、活动提醒
12689.0,0.76234746,high,发送召回优惠券，重点推送激励内容
15119.0,0.88311076,high,发送召回优惠券，重点推送激励内容
17221.0,0.5501307,medium,推送定制化Push消息、活动提醒
14782.0,0.838069,high,发送召回优惠券，重点推送激励内容
17148.0,0.9104666,high,发送召回优惠券，重点推送激励内容
12794.0,0.69667345,medium,推送定制化Push消息、活动提醒
16800.0,0.92760146,high,发送召回优惠券，重点推送激励内容
12715.0,0.89914715,high,发送召回优惠券，重点推送激励内容
16905.0,0.45381743,medium,推送定制化Push消息、活动提醒
14236.0,0.63202065,medium,推送定制化Push消息、活动提醒
13853.0,0.9459224,high,发送召回优惠券，重点推送激励内容
18173.0,0.5301701,medium,推送定制化Push消息、活动提醒
13355.0,0.87340486,high,发送召回优惠券，重点推送激励内容
15671.0,0.33756793,low,保持日常内容推送，重点维护高价值用户
16043.0,0.49785122,medium,推送定制化Push消息、活动提醒
12876.0,0.5129519,medium,推送定制化Push消息、活动提醒
12789.0,0.8977333,high,发送召回优惠券，重点推送激励内容
17616.0,0.6540016,medium,推送定制化Push消息、活动提醒
13990.0,0.8891081,high,发送召回优惠券，重点推送激励内容
15582.0,0.6887392,medium,推送定制化Push消息、活动提醒
13923.0,0.85380644,high,发送召回优惠券，重点推送激励内容
14205.0,0.81515163,high,发送召回优惠券，重点推送激励内容
16542.0,0.7288524,high,发送召回优惠券，重点推送激励内容
17463.0,0.44072968,medium,推送定制化Push消息、活动提醒
16244.0,0.67022693,medium,推送定制化Push消息、活动提醒
17163.0,0.5361052,medium,推送定制化Push消息、活动提醒
13563.0,0.69755316,medium,推送定制化Push消息、活动提醒
17763.0,0.8316566,high,发送召回优惠券，重点推送激励内容
15405.0,0.89914715,high,发送召回优惠券，重点推送激励内容
14323.0,0.6667904,medium,推送定制化Push消息、活动提醒
17079.0,0.91142046,high,发送召回优惠券，重点推送激励内容
15419.0,0.6642315,medium,推送定制化Push消息、活动提醒
14756.0,0.8852777,high,发送召回优惠券，重点推送激励内容
15376.0,0.550166,medium,推送定制化Push消息、活动提醒
12479.0,0.89324677,high,发送召回优惠券，重点推送激励内容
13568.0,0.8869955,high,发送召回优惠券，重点推送激励内容
17985.0,0.95789766,high,发送召回优惠券，重点推送激励内容
18177.0,0.31826505,low,保持日常内容推送，重点维护高价值用户
13812.0,0.5671849,medium,推送定制化Push消息、活动提醒
12420.0,0.8977121,high,发送召回优惠券，重点推送激励内容
12438.0,0.71535796,high,发送召回优惠券，重点推送激励内容
17090.0,0.38159266,low,保持日常内容推送，重点维护高价值用户
12815.0,0.64255637,medium,推送定制化Push消息、活动提醒
14048.0,0.90494055,high,发送召回优惠券，重点推送激励内容
13390.0,0.8713546,high,发送召回优惠券，重点推送激励内容
15224.0,0.7049134,high,发送召回优惠券，重点推送激励内容
17924.0,0.41292524,medium,推送定制化Push消息、活动提醒
14810.0,0.08996332,low,保持日常内容推送，重点维护高价值用户
17252.0,0.7892427,high,发送召回优惠券，重点推送激励内容
16341.0,0.4267845,medium,推送定制化Push消息、活动提醒
16384.0,0.71246123,high,发送召回优惠券，重点推送激励内容
16354.0,0.69393474,medium,推送定制化Push消息、活动提醒
15612.0,0.48319015,medium,推送定制化Push消息、活动提醒
17404.0,0.29347908,low,保持日常内容推送，重点维护高价值用户
14680.0,0.111082226,low,保持日常内容推送，重点维护高价值用户
17154.0,0.79239595,high,发送召回优惠券，重点推送激励内容
13601.0,0.5855102,medium,推送定制化Push消息、活动提醒
14480.0,0.88632274,high,发送召回优惠券，重点推送激励内容
16830.0,0.77320147,high,发送召回优惠券，重点推送激励内容
13565.0,0.63935083,medium,推送定制化Push消息、活动提醒
12502.0,0.5224348,medium,推送定制化Push消息、活动提醒
18096.0,0.4991108,medium,推送定制化Push消息、活动提醒
16466.0,0.2868384,low,保持日常内容推送，重点维护高价值用户
13437.0,0.48231414,medium,推送定制化Push消息、活动提醒
16729.0,0.020319369,low,保持日常内容推送，重点维护高价值用户
14553.0,0.45502856,medium,推送定制化Push消息、活动提醒
17004.0,0.6811272,medium,推送定制化Push消息、活动提醒
15888.0,0.94947547,high,发送召回优惠券，重点推送激励内容
15939.0,0.11094129,low,保持日常内容推送，重点维护高价值用户
12895.0,0.6042225,medium,推送定制化Push消息、活动提醒
14960.0,0.7218349,high,发送召回优惠券，重点推送激励内容
13228.0,0.89914715,high,发送召回优惠券，重点推送激励内容
17006.0,0.44859868,medium,推送定制化Push消息、活动提醒
15921.0,0.8710746,high,发送召回优惠券，重点推送激励内容
14437.0,0.8015662,high,发送召回优惠券，重点推送激励内容
14508.0,0.6951196,medium,推送定制化Push消息、活动提醒
12917.0,0.8748853,high,发送召回优惠券，重点推送激励内容
14534.0,0.060713988,low,保持日常内容推送，重点维护高价值用户
18122.0,0.36036187,low,保持日常内容推送，重点维护高价值用户
18274.0,0.863592,high,发送召回优惠券，重点推送激励内容
14067.0,0.7570548,high,发送召回优惠券，重点推送激励内容
12904.0,0.65906984,medium,推送定制化Push消息、活动提醒
14161.0,0.63193446,medium,推送定制化Push消息、活动提醒
17146.0,0.8278607,high,发送召回优惠券，重点推送激励内容
12837.0,0.91142046,high,发送召回优惠券，重点推送激励内容
12381.0,0.3923294,low,保持日常内容推送，重点维护高价值用户
13740.0,0.78248405,high,发送召回优惠券，重点推送激励内容
14156.0,0.07854623,low,保持日常内容推送，重点维护高价值用户
12598.0,0.2097415,low,保持日常内容推送，重点维护高价值用户
14561.0,0.5381877,medium,推送定制化Push消息、活动提醒
17396.0,0.20147246,low,保持日常内容推送，重点维护高价值用户
14452.0,0.7942231,high,发送召回优惠券，重点推送激励内容
14111.0,0.642533,medium,推送定制化Push消息、活动提醒
18180.0,0.33210486,low,保持日常内容推送，重点维护高价值用户
12744.0,0.28678885,low,保持日常内容推送，重点维护高价值用户
15511.0,0.7411721,high,发送召回优惠券，重点推送激励内容
17744.0,0.49023196,medium,推送定制化Push消息、活动提醒
17422.0,0.47390133,medium,推送定制化Push消息、活动提醒
14901.0,0.3133962,low,保持日常内容推送，重点维护高价值用户
15466.0,0.86982715,high,发送召回优惠券，重点推送激励内容
13707.0,0.69001514,medium,推送定制化Push消息、活动提醒
15980.0,0.60036176,medium,推送定制化Push消息、活动提醒
13917.0,0.6004402,medium,推送定制化Push消息、活动提醒
15097.0,0.83713704,high,发送召回优惠券，重点推送激励内容
14621.0,0.39840332,low,保持日常内容推送，重点维护高价值用户
12353.0,0.6621037,medium,推送定制化Push消息、活动提醒
13594.0,0.81733245,high,发送召回优惠券，重点推送激励内容
12913.0,0.4728843,medium,推送定制化Push消息、活动提醒
14699.0,0.93623936,high,发送召回优惠券，重点推送激励内容
14338.0,0.61099917,medium,推送定制化Push消息、活动提醒
17738.0,0.5061445,medium,推送定制化Push消息、活动提醒
18032.0,0.83253306,high,发送召回优惠券，重点推送激励内容
18127.0,0.7671237,high,发送召回优惠券，重点推送激励内容
16832.0,0.7352523,high,发送召回优惠券，重点推送激励内容
12588.0,0.6931537,medium,推送定制化Push消息、活动提醒
15122.0,0.60428387,medium,推送定制化Push消息、活动提醒
15447.0,0.8552503,high,发送召回优惠券，重点推送激励内容
16657.0,0.5290926,medium,推送定制化Push消息、活动提醒
15024.0,0.124529265,low,保持日常内容推送，重点维护高价值用户
14239.0,0.14710043,low,保持日常内容推送，重点维护高价值用户
14754.0,0.5448457,medium,推送定制化Push消息、活动提醒
12620.0,0.5703759,medium,推送定制化Push消息、活动提醒
14577.0,0.53745705,medium,推送定制化Push消息、活动提醒
13102.0,0.012376206,low,保持日常内容推送，重点维护高价值用户
15311.0,0.03504722,low,保持日常内容推送，重点维护高价值用户
18080.0,0.73489636,high,发送召回优惠券，重点推送激励内容
12879.0,0.53618544,medium,推送定制化Push消息、活动提醒
13937.0,0.7898441,high,发送召回优惠券，重点推送激励内容
12660.0,0.8579484,high,发送召回优惠券，重点推送激励内容
12710.0,0.52761954,medium,推送定制化Push消息、活动提醒
15652.0,0.87717116,high,发送召回优惠券，重点推送激励内容
14300.0,0.90113527,high,发送召回优惠券，重点推送激励内容
17523.0,0.49401036,medium,推送定制化Push消息、活动提醒
18151.0,0.641981,medium,推送定制化Push消息、活动提醒
17159.0,0.5151255,medium,推送定制化Push消息、活动提醒
13294.0,0.6471656,medium,推送定制化Push消息、活动提醒
16171.0,0.8096473,high,发送召回优惠券，重点推送激励内容
14913.0,0.7018846,high,发送召回优惠券，重点推送激励内容
16405.0,0.7189213,high,发送召回优惠券，重点推送激励内容
12925.0,0.5855102,medium,推送定制化Push消息、活动提醒
14520.0,0.66621506,medium,推送定制化Push消息、活动提醒
16308.0,0.86082786,high,发送召回优惠券，重点推送激励内容
13636.0,0.36643898,low,保持日常内容推送，重点维护高价值用户
13952.0,0.68474287,medium,推送定制化Push消息、活动提醒
13213.0,0.3186835,low,保持日常内容推送，重点维护高价值用户
13922.0,0.8552503,high,发送召回优惠券，重点推送激励内容
15434.0,0.38970643,low,保持日常内容推送，重点维护高价值用户
12871.0,0.7892427,high,发送召回优惠券，重点推送激励内容
15393.0,0.6796067,medium,推送定制化Push消息、活动提醒
15709.0,0.7833085,high,发送召回优惠券，重点推送激励内容
14974.0,0.7288524,high,发送召回优惠券，重点推送激励内容
18139.0,0.7325004,high,发送召回优惠券，重点推送激励内容
14142.0,0.84722227,high,发送召回优惠券，重点推送激励内容
16024.0,0.7976913,high,发送召回优惠券，重点推送激励内容
16034.0,0.6348144,medium,推送定制化Push消息、活动提醒
12897.0,0.6775676,medium,推送定制化Push消息、活动提醒
15349.0,0.6809811,medium,推送定制化Push消息、活动提醒
13918.0,0.6940524,medium,推送定制化Push消息、活动提醒
15117.0,0.49094108,medium,推送定制化Push消息、活动提醒
14768.0,0.48319015,medium,推送定制化Push消息、活动提醒
17714.0,0.83186674,high,发送召回优惠券，重点推送激励内容
12473.0,0.3264049,low,保持日常内容推送，重点维护高价值用户
13854.0,0.054389615,low,保持日常内容推送，重点维护高价值用户
14546.0,0.35921365,low,保持日常内容推送，重点维护高价值用户
16369.0,0.6977322,medium,推送定制化Push消息、活动提醒
16934.0,0.69001514,medium,推送定制化Push消息、活动提醒
15739.0,0.83856577,high,发送召回优惠券，重点推送激励内容
15757.0,0.6976245,medium,推送定制化Push消息、活动提醒
14046.0,0.7879381,high,发送召回优惠券，重点推送激励内容
16593.0,0.60674363,medium,推送定制化Push消息、活动提醒
15827.0,0.07713131,low,保持日常内容推送，重点维护高价值用户
13934.0,0.9043499,high,发送召回优惠券，重点推送激励内容
16866.0,0.5650604,medium,推送定制化Push消息、活动提醒
13784.0,0.15515421,low,保持日常内容推送，重点维护高价值用户
15066.0,0.8058469,high,发送召回优惠券，重点推送激励内容
13439.0,0.77320147,high,发送召回优惠券，重点推送激励内容
14000.0,0.7923967,high,发送召回优惠券，重点推送激励内容
15551.0,0.86450726,high,发送召回优惠券，重点推送激励内容
13436.0,0.9211848,high,发送召回优惠券，重点推送激励内容
17234.0,0.7201865,high,发送召回优惠券，重点推送激励内容
15030.0,0.61841565,medium,推送定制化Push消息、活动提醒
18217.0,0.6016439,medium,推送定制化Push消息、活动提醒
15967.0,0.7089443,high,发送召回优惠券，重点推送激励内容
14409.0,0.32039377,low,保持日常内容推送，重点维护高价值用户
15163.0,0.6507786,medium,推送定制化Push消息、活动提醒
15796.0,0.5654548,medium,推送定制化Push消息、活动提醒
13502.0,0.5538901,medium,推送定制化Push消息、活动提醒
15609.0,0.8777439,high,发送召回优惠券，重点推送激励内容
15592.0,0.81733245,high,发送召回优惠券，重点推送激励内容
13077.0,0.49701205,medium,推送定制化Push消息、活动提醒
14237.0,0.93970233,high,发送召回优惠券，重点推送激励内容
14412.0,0.76050454,high,发送召回优惠券，重点推送激励内容
14477.0,0.49088815,medium,推送定制化Push消息、活动提醒
14107.0,0.6121941,medium,推送定制化Push消息、活动提醒
17408.0,0.9587312,high,发送召回优惠券，重点推送激励内容
13339.0,0.86381114,high,发送召回优惠券，重点推送激励内容
14013.0,0.575594,medium,推送定制化Push消息、活动提醒
13504.0,0.8363336,high,发送召回优惠券，重点推送激励内容
13344.0,0.61402434,medium,推送定制化Push消息、活动提醒
17957.0,0.8042735,high,发送召回优惠券，重点推送激励内容
15634.0,0.88592356,high,发送召回优惠券，重点推送激励内容
14609.0,0.86082786,high,发送召回优惠券，重点推送激励内容
18259.0,0.70023984,high,发送召回优惠券，重点推送激励内容
13314.0,0.47951156,medium,推送定制化Push消息、活动提醒
15722.0,0.3623488,low,保持日常内容推送，重点维护高价值用户
17160.0,0.45888317,medium,推送定制化Push消息、活动提醒
16989.0,0.21708715,low,保持日常内容推送，重点维护高价值用户
15727.0,0.2701557,low,保持日常内容推送，重点维护高价值用户
13849.0,0.72767127,high,发送召回优惠券，重点推送激励内容
16670.0,0.09216575,low,保持日常内容推送，重点维护高价值用户
12779.0,0.33062127,low,保持日常内容推送，重点维护高价值用户
16461.0,0.9160258,high,发送召回优惠券，重点推送激励内容
17852.0,0.64055145,medium,推送定制化Push消息、活动提醒
13108.0,0.8377515,high,发送召回优惠券，重点推送激励内容
17530.0,0.29196224,low,保持日常内容推送，重点维护高价值用户
16055.0,0.9320155,high,发送召回优惠券，重点推送激励内容
14886.0,0.87672955,high,发送召回优惠券，重点推送激励内容
15864.0,0.32529062,low,保持日常内容推送，重点维护高价值用户
14535.0,0.7060114,high,发送召回优惠券，重点推送激励内容
12571.0,0.7769968,high,发送召回优惠券，重点推送激励内容
17386.0,0.2573541,low,保持日常内容推送，重点维护高价值用户
14888.0,0.8663818,high,发送召回优惠券，重点推送激励内容
17339.0,0.65248674,medium,推送定制化Push消息、活动提醒
14484.0,0.7739229,high,发送召回优惠券，重点推送激励内容
13142.0,0.77320147,high,发送召回优惠券，重点推送激励内容
13960.0,0.7190694,high,发送召回优惠券，重点推送激励内容
12375.0,0.69393474,medium,推送定制化Push消息、活动提醒
13220.0,0.62399095,medium,推送定制化Push消息、活动提醒
17286.0,0.7898441,high,发送召回优惠券，重点推送激励内容
14178.0,0.22819313,low,保持日常内容推送，重点维护高价值用户
12564.0,0.94101524,high,发送召回优惠券，重点推送激励内容
17162.0,0.091036595,low,保持日常内容推送，重点维护高价值用户
12754.0,0.7684824,high,发送召回优惠券，重点推送激励内容
12770.0,0.9029337,high,发送召回优惠券，重点推送激励内容
14817.0,0.7300626,high,发送召回优惠券，重点推送激励内容
13816.0,0.61876744,medium,推送定制化Push消息、活动提醒
12968.0,0.92969495,high,发送召回优惠券，重点推送激励内容
13311.0,0.65202636,medium,推送定制化Push消息、活动提醒
16709.0,0.55512136,medium,推送定制化Push消息、活动提醒
13659.0,0.6564976,medium,推送定制化Push消息、活动提醒
13936.0,0.7997703,high,发送召回优惠券，重点推送激励内容
14128.0,0.53553015,medium,推送定制化Push消息、活动提醒
15747.0,0.6006776,medium,推送定制化Push消息、活动提醒
16667.0,0.6647359,medium,推送定制化Push消息、活动提醒
14198.0,0.53745705,medium,推送定制化Push消息、活动提醒
15480.0,0.8512789,high,发送召回优惠券，重点推送激励内容
16108.0,0.85039264,high,发送召回优惠券，重点推送激励内容
14472.0,0.26365653,low,保持日常内容推送，重点维护高价值用户
14288.0,0.90394384,high,发送召回优惠券，重点推送激励内容
16062.0,0.527569,medium,推送定制化Push消息、活动提醒
16115.0,0.26365653,low,保持日常内容推送，重点维护高价值用户
15623.0,0.87571055,high,发送召回优惠券，重点推送激励内容
15621.0,0.54125553,medium,推送定制化Push消息、活动提醒
17760.0,0.6004402,medium,推送定制化Push消息、活动提醒
16385.0,0.6013716,medium,推送定制化Push消息、活动提醒
15703.0,0.9045466,high,发送召回优惠券，重点推送激励内容
12429.0,0.5065158,medium,推送定制化Push消息、活动提醒
18092.0,0.0913772,low,保持日常内容推送，重点维护高价值用户
12619.0,0.22914493,low,保持日常内容推送，重点维护高价值用户
16761.0,0.822602,high,发送召回优惠券，重点推送激励内容
15969.0,0.5907052,medium,推送定制化Push消息、活动提醒
16708.0,0.9097268,high,发送召回优惠券，重点推送激励内容
12453.0,0.9204169,high,发送召回优惠券，重点推送激励内容
14975.0,0.72319096,high,发送召回优惠券，重点推送激励内容
18101.0,0.69812334,medium,推送定制化Push消息、活动提醒
18071.0,0.6551578,medium,推送定制化Push消息、活动提醒
16123.0,0.8685331,high,发送召回优惠券，重点推送激励内容
15181.0,0.5206672,medium,推送定制化Push消息、活动提醒
14905.0,0.60506266,medium,推送定制化Push消息、活动提醒
14053.0,0.5602737,medium,推送定制化Push消息、活动提醒
17589.0,0.5649225,medium,推送定制化Push消息、活动提醒
15793.0,0.60198975,medium,推送定制化Push消息、活动提醒
14863.0,0.8606617,high,发送召回优惠券，重点推送激励内容
12849.0,0.70696306,high,发送召回优惠券，重点推送激励内容
17313.0,0.8825762,high,发送召回优惠券，重点推送激励内容
14079.0,0.8059324,high,发送召回优惠券，重点推送激励内容
17411.0,0.6161238,medium,推送定制化Push消息、活动提醒
15198.0,0.641837,medium,推送定制化Push消息、活动提醒
15257.0,0.79082304,high,发送召回优惠券，重点推送激励内容
13827.0,0.71980494,high,发送召回优惠券，重点推送激励内容
14968.0,0.7802466,high,发送召回优惠券，重点推送激励内容
18136.0,0.6078789,medium,推送定制化Push消息、活动提醒
13666.0,0.6118714,medium,推送定制化Push消息、活动提醒
12694.0,0.6688603,medium,推送定制化Push消息、活动提醒
15089.0,0.29728162,low,保持日常内容推送，重点维护高价值用户
16454.0,0.72975516,high,发送召回优惠券，重点推送激励内容
15019.0,0.8680527,high,发送召回优惠券，重点推送激励内容
18228.0,0.8462841,high,发送召回优惠券，重点推送激励内容
13155.0,0.52985555,medium,推送定制化Push消息、活动提醒
16414.0,0.8091242,high,发送召回优惠券，重点推送激励内容
14359.0,0.63193446,medium,推送定制化Push消息、活动提醒
15210.0,0.8197117,high,发送召回优惠券，重点推送激励内容
12885.0,0.69318086,medium,推送定制化Push消息、活动提醒
17050.0,0.3967464,low,保持日常内容推送，重点维护高价值用户
17730.0,0.048631735,low,保持日常内容推送，重点维护高价值用户
16297.0,0.8721396,high,发送召回优惠券，重点推送激励内容
13473.0,0.6198662,medium,推送定制化Push消息、活动提醒
13000.0,0.52391434,medium,推送定制化Push消息、活动提醒
14390.0,0.28619522,low,保持日常内容推送，重点维护高价值用户
18006.0,0.85459673,high,发送召回优惠券，重点推送激励内容
13068.0,0.8014761,high,发送召回优惠券，重点推送激励内容
13080.0,0.83224374,high,发送召回优惠券，重点推送激励内容
16983.0,0.14801046,low,保持日常内容推送，重点维护高价值用户
15811.0,0.33061346,low,保持日常内容推送，重点维护高价值用户
12616.0,0.70066524,high,发送召回优惠券，重点推送激励内容
16156.0,0.40708485,medium,推送定制化Push消息、活动提醒
13884.0,0.47073022,medium,推送定制化Push消息、活动提醒
12604.0,0.761081,high,发送召回优惠券，重点推送激励内容
17025.0,0.68248725,medium,推送定制化Push消息、活动提醒
15111.0,0.6632392,medium,推送定制化Push消息、活动提醒
18053.0,0.84722227,high,发送召回优惠券，重点推送激励内容
17695.0,0.76050454,high,发送召回优惠券，重点推送激励内容
16669.0,0.54968673,medium,推送定制化Push消息、活动提醒
13621.0,0.69786733,medium,推送定制化Push消息、活动提醒
14108.0,0.63202065,medium,推送定制化Push消息、活动提醒
13045.0,0.7397039,high,发送召回优惠券，重点推送激励内容
17385.0,0.79989105,high,发送召回优惠券，重点推送激励内容
15678.0,0.85380644,high,发送召回优惠券，重点推送激励内容
14776.0,0.15190773,low,保持日常内容推送，重点维护高价值用户
14506.0,0.4253657,medium,推送定制化Push消息、活动提醒
15932.0,0.27202037,low,保持日常内容推送，重点维护高价值用户
13189.0,0.8547799,high,发送召回优惠券，重点推送激励内容
18088.0,0.87317836,high,发送召回优惠券，重点推送激励内容
17325.0,0.7838244,high,发送召回优惠券，重点推送激励内容
12346.0,0.86118263,high,发送召回优惠券，重点推送激励内容
14438.0,0.87129855,high,发送召回优惠券，重点推送激励内容
18176.0,0.9138428,high,发送召回优惠券，重点推送激励内容
15978.0,0.8087198,high,发送召回优惠券，重点推送激励内容
14441.0,0.6003547,medium,推送定制化Push消息、活动提醒
16666.0,0.7026349,high,发送召回优惠券，重点推送激励内容
12649.0,0.5381072,medium,推送定制化Push消息、活动提醒
14890.0,0.8371528,high,发送召回优惠券，重点推送激励内容
14962.0,0.61760694,medium,推送定制化Push消息、活动提醒
14264.0,0.6737735,medium,推送定制化Push消息、活动提醒
16109.0,0.68001646,medium,推送定制化Push消息、活动提醒
18135.0,0.4853302,medium,推送定制化Push消息、活动提醒
16814.0,0.02545064,low,保持日常内容推送，重点维护高价值用户
14626.0,0.55930614,medium,推送定制化Push消息、活动提醒
14397.0,0.036820658,low,保持日常内容推送，重点维护高价值用户
15517.0,0.8521892,high,发送召回优惠券，重点推送激励内容
15493.0,0.5546891,medium,推送定制化Push消息、活动提醒
15786.0,0.49172556,medium,推送定制化Push消息、活动提醒
15957.0,0.85459673,high,发送召回优惠券，重点推送激励内容
14329.0,0.25458553,low,保持日常内容推送，重点维护高价值用户
16152.0,0.8127596,high,发送召回优惠券，重点推送激励内容
12688.0,0.90805846,high,发送召回优惠券，重点推送激励内容
13629.0,0.09626904,low,保持日常内容推送，重点维护高价值用户
16460.0,0.5580403,medium,推送定制化Push消息、活动提醒
14911.0,0.038749002,low,保持日常内容推送，重点维护高价值用户
15785.0,0.5508534,medium,推送定制化Push消息、活动提醒
18130.0,0.51867783,medium,推送定制化Push消息、活动提醒
16323.0,0.7252951,high,发送召回优惠券，重点推送激励内容
15424.0,0.7233901,high,发送召回优惠券，重点推送激励内容
17936.0,0.8604567,high,发送召回优惠券，重点推送激励内容
14731.0,0.59223855,medium,推送定制化Push消息、活动提醒
15240.0,0.38963425,low,保持日常内容推送，重点维护高价值用户
12540.0,0.111082226,low,保持日常内容推送，重点维护高价值用户
13673.0,0.7650831,high,发送召回优惠券，重点推送激励内容
15384.0,0.63601494,medium,推送定制化Push消息、活动提醒
14741.0,0.29011294,low,保持日常内容推送，重点维护高价值用户
15527.0,0.41782245,medium,推送定制化Push消息、活动提醒
17450.0,0.080886625,low,保持日常内容推送，重点维护高价值用户
14709.0,0.122470185,low,保持日常内容推送，重点维护高价值用户
15035.0,0.819899,high,发送召回优惠券，重点推送激励内容
15034.0,0.3345332,low,保持日常内容推送，重点维护高价值用户
16884.0,0.6178579,medium,推送定制化Push消息、活动提醒
16755.0,0.5286735,medium,推送定制化Push消息、活动提醒
16315.0,0.9250457,high,发送召回优惠券，重点推送激励内容
17528.0,0.32086995,low,保持日常内容推送，重点维护高价值用户
13273.0,0.7680643,high,发送召回优惠券，重点推送激励内容
14210.0,0.35318574,low,保持日常内容推送，重点维护高价值用户
13198.0,0.38280073,low,保持日常内容推送，重点维护高价值用户
14661.0,0.9823663,high,发送召回优惠券，重点推送激励内容
